,city_id,cocktail_name,bartender,Ingredients
0,0,Flor de Amaras,Kelly McCarthy,"1.5 oz Mezcal, 1 oz Hibiscus Simple Syrup*, .5 oz Lime Juice,  top Soda Water"
1,0,Lux Shandy,Naomi Levy,"1 oz Luxardo Aperitivo, .5 oz Lemon Juice, .5 oz Orange Juice, .5 oz Simple Syrup,  top Anchor California Lager"
2,0,Don't Rock the Boat Punch,Kevin Martin,"1 part No.3 London Dry Gin, 1 part Rooibus Tea (steeped and cooled), 1 part Mulled Cider (cooled), .5 part Clover Honey Syrup, .33 part Cava,   Angostura"
3,0,You're Bitter Than That,Kevin Mabry,".75 oz Blanco Tequila, .75 oz Luxardo Bitter Bianco, .75 oz Luxardo Sangue Morlacco Cherry Liqueur, .75 oz Fresh Lime Juice, .25 oz Rich Simple Syrup (2:1)"
4,0,Space Age Pop,Misty Kalkofen,"1 1/2 oz Chinaco Reposado, 1 oz Luxardo Amaro Abano, 1/2 oz Luxardo Maraschino Liqueur, 1/4 oz Fresh Lemon Juice"
5,0,The Great Pumpkin Cocktail,Jackson Cannon,"1 oz Pumpkin-Infused Glenrothes Vintage Reserve*, 1 oz King's Ginger Liqueur, .5 oz Fresh Lemon Juice, .5 oz Grade-A Maple Syrup (prefer McClure's)"
6,0,The Pink Pussycat,,"1.5 oz Pink Pigeon Rum, .5 oz FAIR Goji Berry Liqueur, .5 oz Noyeau de Poissy  B, .5 oz Cream, 5 dash Chocolate bitters"
7,0,True Dish,Naomi Levy,"1 oz No.3 London Dry Gin, .5 oz Luxardo Angioletto (Hazelnut Liqueur), .5 oz Luxardo Amaretto di Saschira, .5 oz Cinnamon honey syrup, .25 oz Luxardo Limoncello, 1 dash Orange blossom water, 1 whole Egg"
8,1,The Happy Place,Elizabeth Montana,"2 oz Junipero Gin, .75 oz House-made Cranberry Syrup*, .5 oz Lemon Juice, .5 oz Cranberry Juice, .25 oz Lillet Blanc, 4 dash Forgery Earth Day Bitters,  mist Laphroaig"
9,1,Bon Voyage Pisco Punch,Jon Morales,"1500 ml BarSol Selecto Italia Pisco, 750 ml Lemon Juice, 750 ml Pineapple Gomme Syrup*, .5 oz Fee Bros Lemon Bitters, 1 float Old Vine Zin"
10,1,OH Snap!,Kevin Diedrich,"1 oz Junipero Gin, 1 oz House-made Simple Syrup*, 1 oz Manzanilla Sherry, .75 oz Lemon Juice, 2 dash Absinthe, 6-8  Sugar Snap Peas,  top Tonic"
11,1,Happiness,Danny Louie,"1.5 oz Jasmine Tea/Rice-Infused Junipero Gin*, .75 oz Leopold Bros. Sour Apple Liqueur, .75 oz Lime, .5 oz House-made Honey Syrup**, .25 oz Lo-Fi Gentian Amaro"
12,1,Fourth Generation,Ken Luciano,"1.5 oz Mezcal, .25 oz Luxardo Espresso Italian Liqueur, .75 oz Luxardo Bitter Bianco, 2 dash Salted Chocolate Bitters"
13,1,The King's Medicine,Matt Grippo,"1.5 oz King's Ginger Liqueur, .5 oz Luxardo Fernet, .25 oz BenRiach Curiositas Single Malt 10 YO, .75 oz Lemon Juice"
14,1,A.Nise,Kate KaiKaew,"1.5 oz Pink Pigeon Rum, .5 oz Luxardo Amaretto di Saschira, .5 oz Osha Falernum, .5 oz Lemon juice, 1 oz Pineapple juice, 3 dash Orange bitters"
15,1,Down the Rabbit Hole,Elmer Mejicano," oz Junipero Gin,  oz Lemon,  oz Elder Flower Liquor,  oz Honey Syrup,  oz Carrot Juice"
16,1,Amaretto Sour BV-Style,Scott Baird,"1.5 oz Luxardo Amaretto di Saschira, .5 oz Bourbon, .5 oz Fresh Lime Juice, .75 oz Pineapple Juice, .75 oz Fresh Egg White, 2 dash Angostura Bitters"
17,1,San Francisco Strong (Skrong),Matt Grippo,".75 oz Junipero Gin, .75 oz Tempus Fugit Kina L'Aero d'Or, .75 oz Luxardo Bitter Bianco, .75 oz Lemon Juice, .75 oz Egg Whites, .5 oz Rich Simple Syrup*"
18,1,Nuestra Julep,David Ruiz,"1 oz High West Oat Whisky, .5 oz King's Ginger Liqueur, .5 oz Peach Shrub, .75 oz Lime, 1 dash Angostura Bitters, 1 dash Grapefruit Bitters"
19,1,Nick & Janae,David Ruiz,"1.5 oz H by HINE, .5 oz Luxardo Amaro Abano, .75 oz Fresh Lemon Juice, .75 oz Strawberry Syrup*, .5 oz Egg White"
20,1,Creek Ran Dry,Brian Means,"1 oz Pear Brandy, 1 oz Dry Vermouth, .5 oz Chateau de Montifaud Pineau des Charentes Blanc, .5 oz Dolin Genepy"
21,1,Mandrake,Brian Means,"1.5 oz BarSol Primero Quebranta Pisco, 1 oz BarSol Perfecto Amor (Aperitif Wine), .25 oz Leopold Bros. Bitter, .25 oz Velvet Falernum,   Red Hawaiian Salt"
22,1,The Tahoe Toddy,Jourdan Reinhart,"2 oz Hot Water, 2 oz Glenrothes, 1 oz King's Ginger Liqueur, 1 dash Honey"
23,1,Short Round II,Brian Means,"2 oz Avuá Prata Cachaça, 2 oz Bacardi Superior Rum, 3 oz Chateau de Montifaud Pineau des Charentes Rose, 2 oz Lime Juice, 1 oz Cannella Cinnamon Cordial, 2 oz Simple Syrup"
24,1,Gin Made Me Do It,Karri Cormican,"1 oz Junipero Gin, 1 oz C. Drouin Calvados Selection, 1 oz Vermouth del Professore, 2 dash Angostura Bitters, 1 dash St. George Absinthe"
25,1,Short Round,,"5 oz Bacardi Superior Rum, 4 oz Chateau de Montifaud Pineau des Charentes Blanc, 3.5 oz Lemon Juice, 3.5 oz Velvet Falernum"
26,1,Ypioca Yellow Card,Scott Brody,"1.5 oz Ypioca Brasilizar Cachaca Prata Reserva Especial, .5 oz King's Ginger Liqueur, 1 oz Pineapple Juice, .5 oz Simple Syrup, 2 oz Coconut Water, 1 fill Soda Water"
27,1,Croatia Firing Squad,Ken Luciano,"1 oz Luxardo Bitter Bianco, 1 oz Lillet Blanc, 1 oz No.3 London Dry Gin, .5 oz Rose Wine"
28,1,Kentucky Garrigue,,"1.5 oz Wild Turkey 101 Bourbon, .75 oz Strawberry, Black Pepper Balsamic Shrub*, .75 oz Luxardo Sangue Morlacco Cherry Liqueur, 1 oz Fever-Tree Tonic Water"
29,1,Little Ground Tapper,Claire & Chad,"2 oz H by HINE, .25 oz Small Hand Foods Pineapple Gum Syrup, 1 bsp Luxardo Maraschino Liqueur, 2 dash Angostura Bitters"
30,1,Prince of Humbugs,Morgan Schick ,"2 oz Hirsch Small Batch Reserve Bourbon, .75 oz Luxardo Bitter, .5 oz Cold Blue Bottle Coffee, .25 oz Luxardo Anisette, 2 dash Peychaud's Bitters"
31,1,Aperitivo Spritz,,"2 oz Luxardo Aperitivo, 3 oz Prosecco, 1 splash Sparkling Water"
32,1,Negroni,,"1 oz No.3 London Dry Gin, 1 oz Campari, 1 oz Martini & Rossi Sweet Vermouth"
33,1,Almond Crusta,Kevin Diedrich,"1 oz H by HINE, .5 oz Junipero Gin, .75 oz LemonJuice, .5 oz Orgeat, 1 dash Angostura Bitters"
34,1,Rudolph's Rose,Brian Means,"1.5 oz Christmas Spirit, .25 oz Luxardo Maraschino Liqueur, .5 oz Chateau de Montifaud Pineau des Charentes Rose, .75 oz Tempus Fugit Gran Classico Bitter"
35,1,Snow Bunny,Brian Means,"1.5 oz Christmas Spirit, .5 oz King's Ginger Liqueur, .5 oz Lemon juice, .5 oz Honey syrup, .5 oz Egg white, 2 oz Ale, 3 drops Dale DeGroff's Pimento Aromatic Bitters"
36,1,A Love Song,Russell Davis,"1 oz No.3 London Dry Gin, 1 oz Maurin Quina, .5 oz Luxardo Bitter, .5 oz King's Ginger Liqueur"
37,1,Drops of Jupiter,Russell Davis,"1.5 oz Junipero Gin, .5 oz Genevieve Gin, .25 oz Rich Wild Sage Honey Syrup, 1 dash Angostura Bitters, 1 dash Whiskey Barrel Aged Bitters, .75 oz Spring Water"
38,1,Mother Superior,Alex Quesada,"1.5 oz Blanc Vermouth, .75 oz Lemon Juice, .5 oz Junipero Gin, .5 oz Giffard Pamplemousse, .5 oz House-made Yellow Shaw-treuse*, .5 oz Tonic, 2 dash Celery Bitters, 2 dash Coriander Tincture"
39,1,Round Pond Aperitif,Alan Kropf,"1.5 oz Luxardo Aperitivo, .5 oz Round Pond Blood Orange Syrup, .5 oz Fresh Lemon Juice, 1 splash Sparkling Wine"
40,1,Across The Pond,Alan Kropf,"1 oz Junipero Gin, 1 oz King's Ginger Liqueur, .5 oz Round Pond Meyer Lemon Syrup, .75 oz Fresh Lemon Juice, 1 splash Soda water"
41,1,Charente Royale,Kevin Diedrich,"1.5 oz H by HINE, .5 oz Elderflower Liqueur, 2 dash Absinthe,  top Sparkling Wine"
42,1,The Rickenbacker,,"2 oz Hophead Vodka, 1 oz Tempus Fugit Alessio Vermouth Bianco, 2 dash Luxardo Maraschino Liqueur,   Salt"
43,1,The Douglas Tilden,Mo Hodges & Brian Felley,"2 oz Junipero Gin, .5 oz Lacuesta Blanco Vermouth, .25 oz Salers Gentiane Aperitif, 1 bsp Luxardo Maraschino Liqueur, 1 bsp Germain-Robin Absinthe, 2 dash Scrappy’s Lime Bitters"
44,1,Sahara Glowing Heart,John Codd,"1.5 oz Junipero Gin, .75 oz Apricot Eau-de-Vie, .25 oz Grenadine, 2 dash Lemon Bitters, 2 dash Absinthe"
45,1,Nori & Islay,Anthony Parks,"1.5 oz Junipero Gin, 1.5 oz Nori-Infused Sake*, 1 dash Celery Bitters, 3 dash Islay Scotch"
46,1,You Bet Your Ascot,Jason Rager,"1.5 oz H by HINE, .75 oz Bonal, .5 oz Luxardo Amaro Abano, .25 oz Nocino"
47,1,Speyside Orchard,Brian MacGregor,"1 oz Glenrothes Bourbon Reserve, 1.5 oz C. Drouin Pommeau de Normandie, .5 oz Chamomile Tea Syrup*, .75 oz Lemon Juice"
48,1,Chapman Cobbler,Caitlin Laman,"1 oz Applejack, 1 oz Amontillado Sherry, .75 oz Orgeat, .75 oz Fresh Lemon Juice, 1 bsp Tempus Fugit Creme de Noyaux"
49,1,Peter Pumpkin,John Weyrich,"1.5 oz Junipero Gin, .5 oz Orange Liquor, 1.5 oz House-made Spiced Pumpkin Puree, .5 oz Lemon Juice, .5 oz Ginger Syrup, 1  Egg White,  top Apple Cider"
50,1,A Botanical Garden,Danny Louie,"1.5 oz Hophead Vodka, .75 oz Zirbenz Stone Pine, .75 oz Fresh Strawberry Juice w/ Xanthan Gum*, .75 oz Lemon Juice, .5 oz Simple Syrup"
51,1,The Bossa Nova,Chris Lane,"2 oz Chinaco Blanco Tequila, .5 oz Lemon Juice, .5 oz Small Hand Foods Pineapple Gum Syrup, .25 oz Vanilla Syrup*, .5 oz Coconut Cream**, .5 oz Egg White"
52,1,Bunny Poison,,"2 oz Rhubarb Cucumber & Mint-Infused Junipero Gin, .75 oz Lemon Juice, .75 oz Tempus Fugit Alessio Vermouth Bianco, .5 oz Rhubarb Juice, .5 oz Grapefruit Juice, .5 oz Rhubarb Syrup, 2 dash Fee Brothers Celery Bitters"
53,1,See You T'Amaro,Jon Morales,"1.5 oz Luxardo Amaro Abano, .5 oz Lemon juice, .25 oz Simple syrup, .5 oz Egg white, 1 dash Fee Bros Rhubarb bitters"
54,1,The Lover's Quarrel ,Russell Davis,"1 oz No.3 London Dry Gin, 1 oz Maurin Quina, .75 oz King's Ginger Liqueur, .5 oz Honey Jalapeño syrup, 1 oz Orange juice, .5 oz Lemon juice, 1 oz Soda water"
55,1,Newton's Theory,Brian Means,"2 oz Nikka Whisky Taketsuru Pure Malt 12 YO, .75 oz C. Drouin Pommeau de Normandie, .25 oz Luxardo Maraschino Liqueur, 4 dash Black Walnut Bitters"
56,1,Hophead Old Fashioned,,"2 oz Hophead Vodka, .25 oz Simple syrup, 2 dash Angostura bitters, 1 dash Fee Brothers Gin Barrel Aged Bitters"
57,1,Spring Forward,Kim Rosselle,"2 oz Old Tom Gin, .5 oz Noilly Prat Ambre Vermouth, .5 oz Pineapple Juice, .5 oz Lime Juice, .25 oz Rich Simple (2:1), .75 float Dry Sparkling Wine"
58,1,Buenaventura,Matt Solario,".75 oz BarSol Primero Quebranta Pisco, .75 oz El Tesoro Reposado Tequila, .5 oz Grüner Veltliner, .5 oz Lime, .25 oz Pineapple Gum, 1 bsp Sweet Marmalade"
59,1,A Tall Tell,Brian Means,"9 oz C. Drouin Calvados Selection, 6 oz Marrakesh Mint Tea, 6 oz Prosecco, 3 oz King's Ginger Liqueur, 2 oz Lemon Juice, 1.5 oz Velvet Falernum, .5 oz Dale DeGroff's Pimento Aromatic Bitters"
60,1,The Stand By,Vince Toscano,"2 oz Junipero Gin, .5 oz Luxardo Bitter, 1 bsp Kalani Coconut Liqueur, 1 dash Angostura Bitters, 1 dash Peychaud's Bitters"
61,1,Second City Sour,Patrick Poelvoorde,"2 oz Hirsch Small Batch Reserve Bourbon, 1 oz Fresh Lemon Juice, .5 oz Orange-scented Maple Syrup*, 1 oz Tempus Fugit Alessio Vermouth di Torino Rosso"
62,1,End of Winter,Russell Davis,"2 oz H by HINE (Brown Butter-Infused), 0.5 oz King's Ginger Liqueur, 3 dash Fee Brothers Black Walnut Bitters"
63,1,San Fran Shandy,,"2 oz Hophead Vodka, .5 oz King's Ginger Liqueur, 3 oz Breckle's Brown Ale, 1 oz Fresh Lemon Juice, .5 oz Honey Syrup, .5 oz Egg White, 2 dash Angostura Bitters"
64,1,Hotaling White Manhattan,,"2 oz Christmas Spirit, 1 oz Tempus Fugit Alessio Vermouth Bianco, .25 oz Luxardo Triplum (Triple Sec), 1 dash Fee Brother's Orange Bitters"
65,1,San Francisco Harvest,Megan Daniel,"1.5 oz Junipero Gin, .75 oz Oloroso Sherry, .75 oz Lemon Juice, .75 oz Winter Spice Brown Sugar Syrup*, 1 oz Pineapple Juice"
66,1,King's Toddy,Kevin Martin,"1 oz No.3 London Dry Gin, .75 oz Lemon Juice, .5 oz King's Ginger Liqueur, .5 oz Clover Honey Syrup"
67,1,Elgin Elixir,Alan Kropf,"1 oz BenRiach Single Malt 12 YO, 1 oz C. Drouin Calvados Selection, 1 oz Luxardo Aperitivo"
68,1,The Last Tango,Kim Rosselle,"1.5 oz Junipero Gin, 1 oz Giffard Elderflower Liqueur, 1 oz Lime Juice, 8-9 drops Chili Tincture*, 6  Luxardo Maraschino Cherries"
69,1,Far From the Tree,Brian Means,"1.5 oz C. Drouin Calvados Selection, .75 oz Orgeat, .5 oz Lemon Juice, 1 oz Pear & Celery Puree, .5  Egg white"
70,1,Lux Japanese Lemonade,Carlo Splendorini,"1.5 oz No.3 London Dry Gin, .5 oz Jummai Ginjo Sake, .25 oz Luxardo Limoncello, .25 oz Dill Cordial, .5 oz Meyer Lemon Juice, .25 oz Yuzu Juice, .5 oz Fresh egg White"
71,1,The King's Froth & Frizz,Jupiter Olympus,"1 oz BarSol Selecto Italia Pisco, 1.25 oz King's Ginger Liqueur, .5 oz Peach Brandy, .5 oz Lemon juice, .5 oz Egg white"
72,1,Delicious Sour,Ken Luciano,"2 oz C. Drouin Calvados Selection, .75 oz Lemon Juice, .75 oz Giffard Abricot du Roussillon, .5 oz Egg White"
73,1,A Southern Jackass,Julian Miller,"1.5 oz Prichard's Lincoln County Lightning, .5 oz King's Ginger Liqueur, .5 oz Cinnamon-Candied Ginger Syrup*, 3 dash Angostura Bitters,  top Club Soda"
74,1,Mayan Decadence,Ronaldo Colli,"1.75 oz Chinaco Anejo Tequila, .5 oz Xtabentun Liqueur (honey, anis), 3 dash Bittermens Xocolatl Mole Bitters, 3 dash Fee Brothers Aztec Chocolate Bitters"
75,1,Xmas in Juniper,Raul Ayala,"1 oz Junipero Gin, .75 oz Spiced Apricot Syrup*, .5 oz House-made Orgeat, .5 oz Lemon Juice,   Egg Whites,  top Anchor Christmas Ale 2016"
76,1,The Swedish,Zachary Brian Taylor,"1.5 oz Karlsson's Gold Vodka, 1 oz Potato juice*, .5 oz Benedictine, .5 oz Lemon juice , .25 oz Cinnamon honey syrup**, 1 bsp Black pepper, .5 bsp Salt"
77,1,Prickly Pear Margarita,Edgar & Joselino Solis,"2 oz Chinaco Blanco Tequila, 1 oz Lime Juice, .5 oz Prickly Pear Puree, .5 oz Agave"
78,1,The 42nd Round,Raul Ayala,"1 oz Junipero Gin, 5 oz Compas Box Great King Street Blended Scotch Whisky, 1 oz Byrrh Grand Quinquina, .5 oz Anchor Christmas Ale 2016*, 2 dash Bittercube Corazon Bitters, 2 dash The Bitter Truth Orange Bitters"
79,1,The Nutty Sensation,Raul Ayala,".75 oz Junipero Gin, .75 oz H by HINE, .75 oz Chateau de Montifaud Pineau des Charentes Blanc, .75 oz Oloroso & Moscatel Blend*, 2 dash The Bitter Truth Xocolate Bitters, 2 dash Orange Bitters,   Walnut Oil"
80,1,Barrel Aged Ginger Negroni,Nusan Brounstein,"1 part Junipero Gin, 1 part King's Ginger Liqueur, 1 part Campari, 1 part Sweet Vermouth"
81,1,Merry Sherry Cobbler,Josh Trabulsi,"1.5 oz Christmas Spirit, 1 oz Oloroso Sherry, .25 oz Walnut Liqueur, 3 dash Regans' Orange Bitters, 3 dash Pear Bitters"
82,1,Cocao Martini ,Zachary Brian Taylor,"2.5 oz Karlsson's Gold Vodka, .5 oz Ginger Brown*, 4 dash Hella hula bitters, 3 beans Cocao beans"
83,1,Sage & Sound,Brian Means,"1.5 oz Junipero Gin, 1 oz White Port, .75 oz Lemon Juice, .5 oz Honey Cinnamon Syrup*, 1  Whole Egg, 8  Muddled Sage Leaves"
84,1,Apples & Grapes,Matt Grippo,"1.5 oz Tempus Fugit Kina L'Aero d'Or, 1 oz C. Drouin Pommeau de Normandie, 2 dash Orange Bitters"
85,1,Simply Perfecto,,2 oz BarSol Perfecto Amor (Aperitif Wine)
86,1,Gold Rush,Leilani Brennan,"3  Basil Leaves, 1.5 oz Karlsson's Gold Vodka, .75 oz Pineapple Juice, .5 oz Simple Syrup, .5 oz Sweet Vermouth, .5 oz Lime Juice , .5 oz Egg White, 1 dash Angostura Bitters"
87,1,Bakko & Zengo,Nick Jones,"1.5 oz Nikka Coffey Grain Whisky, .25 oz House-made Allspice Dram, .25 oz Heavy Cream, .25 oz Simple Syrup, 1  Whole Egg, 2 dash Chocolate Bitters"
88,1,On the Fritz,Eric Quilty,"1.5 oz Junipero Gin, .5 oz Chateau de Montifaud Pineau des Charentes Blanc, .75 oz Lemon Verbena Cordial*, .5 oz Lemon Juice,  top Mixwell Young Ginger Ale"
89,1,Cock-tail,Keli Rivers,"1.5 oz Junipero Gin, .75 oz Tempus Fugit Alessio Vermouth di Torino Rosso, .25 oz Drambuie, .25 oz Rich Brown Sugar Simple Syrup*, 4  Large Pieces Candied Ginger, 3 dash Angostura Bitters"
90,1,Tea Party Cocktail,Stuart McCloskey,"1.5 oz No.3 London Dry Gin, .5 oz King's Ginger Liqueur, .5 oz Orange marmalade syrup, .25 oz Lemon juice, 1 oz Bergamot tea foam"
91,1,Delicious in Mauritius,Jessica Maria,"1.5 oz Pink Pigeon Rum, .5 oz White peach puree, .25 oz Hibiscus syrup, .25 oz Lemon juice, .5 oz Ginger ale"
92,1,Oaxacan Martini,Gina Scheurte,"2 oz Mezcal, .5 oz Mandarine Napoleon, .5 oz Lime Juice, 1 oz Castelvetrano Olive Brine, 3 dash Fennel Bitters"
93,1,Tahitian Fix,Kate Bolton,"2 oz BarSol Selecto Italia Pisco, .75 oz Fresh Lemon Juice, .5 oz Vanilla Agave Nectar, .5 oz Pineapple Gomme Syrup, 1.5 oz Seltzer Water"
94,1,The King Merlet Sidecar,Dave Guest ,"1.5 oz H by HINE, .5 oz Luxardo Triplum (Triple Sec), .5 oz King's Ginger Liqueur, .5 oz Fresh Lemon Juice, 1 oz Pressed Apple Juice"
95,1,3AM,Dave Guest ,"1.5 oz No.3 London Dry Gin, .75 oz H by HINE, .75 oz Luxardo Triplum (Triple Sec), .5 oz King's Ginger Liqueur, .5 oz Fresh Lime Juice"
96,1,Junipero Jolly,Carlos Yturria,"1 oz Junipero Gin, .5 oz Lemorton Pommeau de Normandie, .75 oz House-made Green Apple Purée*, .75 oz Lemon Juice, .5 oz Honey Syrup"
97,1,10 to 7,Gabriele Modica,"1 oz No. 209 Gin, 1 oz Luxardo Maraschino Liqueur, 1 oz St. Germain, 1 oz Lemon Juice"
98,1,Gin n' Celery,,"1.5 oz Old Tom Gin, .75 oz Lemon Juice, .5 oz Small Hand Foods Gum Syrup, 7 dash Celery Bitters, 1 oz Tonic Water, 1 pinch Salt"
99,1,Phineas Flip,Morgan Schick,"2 oz English Harbour Rum, .75 oz King's Ginger Liqueur, 1 whole Egg"
100,1,Double Trouble,Ryan Hall,"1.5 oz Junipero Gin, 1 oz Strawberry & Black Pepper Shrub*, .75 oz Hidalgo La Gitana Manzanilla Sherry, .5 oz Lemon Juice , few drops Peychaud's Bitters"
101,1,Yawkey Way ,Morgan Schick,"1.5 oz No.3 London Dry Gin, .5 oz Smith & Cross, .5 oz Strawberry juice, .5 oz Black tea syrup, .5 oz Lemon juice, 2 dashes Orange bitters"
102,1,Cream of the Crop,,"1 oz Mezcal, 1 oz King's Ginger Liqueur, .75 oz Coconut Pistachio Puree*, .75 oz Lemon Juice"
103,1,Champs Élysées,Rafael Jimenez Rivera,"2 oz H by HINE, .75 oz Lemon juice, .5 oz Green Chartreuse, .25 oz Simple syrup, 2 dash Angostura bitters"
104,1,I'm Only Happy when it Rains,Carlo Splendorini ,"1 1/2 oz Old Potrero Straight Rye Whiskey, 3/4 oz Hirsh Pinot Noir Reduction, 1/4 oz Luxardo Sangue Morlacco Cherry Liqueur, 3/4 oz Lemon Juice "
105,1,Monet,,"1.75 oz H by HINE, 1 oz BenRiach Madeira 15 YO, .5 oz Lemon Juice, .25 oz Briottet Creme de Banane, .25 oz Small Hand Foods Pineapple Gum Syrup"
106,1,Hippi Hill,Karri Cormican,"1.5 oz Hophead Vodka, .75 oz King's Ginger Liqueur, .5 oz Lime Juice, .5 oz Cranberry Juice"
107,1,Buster Crusta,Ryan Fitzgerald,"2 oz H by HINE, 1 oz Lemon Juice, .75 oz The Genuine Curacao Liqueur Orange, .5 oz Luxardo Maraschino Liqueur, .5 oz Small Hand Foods Gum Syrup, 1 bsp Luxardo Fernet"
108,1,Iron Tonic,,".75 oz Luxardo Maraschino Liqueur, .75 oz Genepy, .75 oz Luxardo Fernet, .75 oz Lime Juice, 1 float Tonic Water"
109,1,King's Medicine,,"1.5 oz King's Ginger Liqueur, .75 oz Lemon Juice, .5 oz Luxardo Fernet, .25 oz BenRiach Curiositas Single Malt 10 YO"
110,1,Where's the Orgeat?,Jackie Goldstein,"2 oz H by HINE, 1 oz Small Hand Foods Orgeat, .75 oz Lemon Juice, .5 oz Luxardo Apricot Liqueur, 3 dash Angostura Bitters"
111,1,Fortune & Glory,,"1.5 oz Chinaco Reposado Tequila, 1 oz Lime Juice, .5 oz H by HINE, .5 oz Small Hand Foods Orgeat, .5 oz Falernum, 2 dash Mole Bitters"
112,1,Pisco Punch (Adaptation by The Comstock Saloon),,"1.5 oz BarSol Selecto Italia Pisco, .75 oz Small Hand Foods Pineapple Gum Syrup, .75 oz Lemon Juice, 3 dash Kaffir Tincture"
113,1,Pumpkin & Pecan,Collin Nicholas,"2 oz H by HINE, .5 oz Toasted Pecan Syrup, .75 oz Lemon Juice, .5 oz Cynar, 1 bsp Spiced Pumpkin Butter, 2 dash Cinnamon Tincture"
114,1,A Bloody Shame,Brian Means,"1.5 oz Vodka, .5 oz Luxardo Amaretto di Saschira, .75 oz Blood Orange Vanilla Mint Puree*, .75 oz Lime Juice"
115,1,Full of Bologna,Brian Means,"1 oz C. Drouin Calvados Selection, 1 oz Luxardo Amaro Abano, .75 oz Pear Watercress Puree, .75 oz Lemon Juice"
116,1,You Go Glen Coco,Crystal Chasse,"1.25 oz Old Potrero Straight Rye Whiskey (Toasted Coconut Infused)*, .5 oz King's Ginger Liqueur, 1.25 oz Turmeric Coconut Cream**"
117,1,Just Beet It,Sarah Ruiz,"1.5 oz Junipero Gin, 1 oz Beet Thyme Reduction*, .5 oz Licor 43, .5 oz Lemon Juice, .5  Egg White"
118,1,The Cavalier White Lady,,"1 oz Junipero Gin, .75 oz Creole Shrub, .75 oz Lemon juice, .25 oz Lemon bitters, .5 oz Simple syrup, 1  Egg white"
119,1,Green and Gold,,"750 ml bottle Karlsson's Gold Vodka, 5 sprigs Dill, 2 cloves Crushed Garlic, 1  Lemon Peel (white pith removed and julienned), 1 Tbsp Whole Peppercorns"
120,1,Day For Night,Eric Quilty,"1.5 oz C. Drouin Calvados Selection, .5 oz La Quintinye Vermouth Rouge, .25 oz Pedro Ximenez Sherry, .25 oz Cannella Cinnamon Cordial, 1 dash Angostura bitters"
121,1,Canary vs. the Coal Mine,Brian Means,".5 oz Old Forester Bonded Bourbon, .5 oz H by HINE, 1 oz Rock & Rye, 1 oz Cocchi Americano Rosa,   Activated Charcoal"
122,1,In HINEsight,Brian Means,"1.5 oz H by HINE, 1 oz Luxardo Bitter, .5 oz Quady Muscat Wine"
123,1,Cherry Bark Martinez,Josh Trabulsi,"2 oz Old Tom Gin, .75 oz Carpano Antica, 1 spoon Luxardo Maraschino Liqueur, 1 dash Angostura bitters, 2 dash Bittercube cherry bark bitters"
124,1,Above My Pay Grade,Brian Means,"1.5 oz Semper Fi White Whiskey, .75 oz Chateau de Montifaud Pineau des Charentes Rose, .75 oz Tempus Fugit Gran Classico Bitter, 3 dash House-made Citrus Bitters"
125,1,Polish Penance,Brian Means,"1.5 oz House-made Slivovitz (Plum Brandy), 1 oz Chamomile Tea-Infused Noilly Prat Dry Vermouth, .5 oz King's Ginger Liqueur, 3 dash Peychaud's Bitters"
126,1,Sloe & Steady,,"1.5 oz C. Drouin Calvados Selection, .75 oz Spirit Works Sloe Gin, .5 oz Bonal, 4 drops Black Salt Tincture"
127,1,50/50 Split,,"1.5 oz Junipero Gin, .75 oz Dry Vermouth, .75 oz Tempus Fugit Alessio Vermouth Bianco, 1 dash The Bitter Truth Orange Bitters"
128,1,Mayahuel's Revenge,Brian Means,"1.5 oz Chinaco Blanco Tequila, 1 oz Vermut Vermouth, .5 oz Giffard Banane du Brésil, 3 dash Bittercube Jamaican #2 Bitters"
129,1,The Commissioner's Trophy #3,Saul Ranella,"1.5 oz No.3 London Dry Gin, 1 oz Amaro, .5 oz BarSol Perfecto Amor (Aperitif Wine), .5 oz Strawberry shrub"
130,1,Kind of Fancy,Jacques,"1.5 oz H by HINE, .75 oz Wild Turkey 101 Rye, .5 oz Bin 27 Port, .25 oz Yellow Chartreuse, 2 dash Mole Bitters"
131,1,Playa Matalan (Mezcal Negroni),Dave Guest,"2 oz Mezcal, .75 oz Tempus Fugit Alessio Vermouth Chinato, .75 oz Tempus Fugit Gran Classico Bitter, 2 dash Tempus Fugit Abbott's Bitters"
132,1,Party in the Agave Fields,Dave Guest,"2 oz Mezcal, .75 oz Luxardo Triplum (Triple Sec), .75 oz Luxardo Amaro Abano, 3 dash Tempus Fugit Abbott's Bitters"
133,1,The Chief,Ian Scalzo,"1.5 oz Junipero Gin, .75 oz Cocchi Americano, .5 oz Salers Gentiane Aperitif, 2 drops Black Licorice-Infused Angostura Bitters, 1 drop Sea Salt Tincture"
134,1,Improved Calvados Cocktail,Thad Vogler,"2 oz C. Drouin Calvados Selection, 1 bsp Benedictine, 1 bsp Green Chartreuse, 1 bsp Small Hand Foods Gum Syrup, 2 dash Angostura Bitters"
135,1,Dirt Nap,Brian Means,"1.5 oz Noilly Prat Dry Vermouth*, .75 oz Oloroso Sherry, .75 oz King's Ginger Liqueur"
136,1,Pineapple Express,Jim Meehan,"1 oz Charbay Ruby Red Grapefruit Vodka, 1 oz Vya Dry Vermouth, .75 oz Hophead Vodka, .25 oz Small Hand Foods Pineapple Gum Syrup"
137,1,Iron Fist in a Velvet Glove,Brian Means,"1.25 oz Lillet Rose, .75 oz BarSol Primero Quebranta Pisco, .75 oz Prata Cachaca, .25 oz Velvet Falernum"
138,1,Lonesome George,Jacques,"1.25 oz Apricot-Infused H by HINE, 1 oz Napoleon Amontillado, .25 oz Mandarine Napoléon, .5 oz Lazzaroni Amaro"
139,1,Under the Sun,Brian Means,"1.5 oz Plantation Pineapple Rum, 1 oz BarSol Perfecto Amor (Aperitif Wine), .5 oz Ancho Reyes, 3 dash House-made Roasted Banana Bitters"
140,1,B-String,,"1.5 oz H by HINE, 1 oz Lustau Amontillado Sherry, .5 oz Giffard Banane du Brésil, 3 dash House-made Roasted Banana Bitters (or Bittermens Tiki Bitters)"
141,1,Bourbon Crusta,,"2 oz Bourbon, .25 oz Orchard Syrup, .25 oz Lemon Juice, 1 bsp Luxardo Triplum (Triple Sec), 1 bsp Luxardo Maraschino Liqueur, 3 dash Boker’s Bitters"
142,1,International Mistress,,"1.5 oz Amaro Nonino Quintessentia, .75 oz Lemon Juice, .5 oz Mezcal, .5 oz Small Hand Foods Orgeat, 2 oz Soda Water"
143,1,Scotch Joplin,,"2 oz Ardbeg Ten, .75 oz Luxardo Aperitivo, .5 oz The Genuine Curacao Liqueur Orange, 5 dash Orange Bitters"
144,1,Virgil St.,,"1 oz Mezcal, .75 oz Tempus Fugit Alessio Vermouth di Torino Rosso, .5 oz Old Tom Gin, .5 oz Tempus Fugit Kina L'Aero d'Or, 1 dash Duplais Swiss Absinthe Verte"
145,1,The Hollinger Manhattan,,"2 oz Rittenhouse Rye, .5 oz Sweet Vermouth, .25 oz Luxardo Maraschino Liqueur, .25 oz Duplais Swiss Absinthe Verte"
146,1,Venetian,,".5 oz Luxardo Amaretto di Saschira, .5 oz Campari, .5 oz Dry Vermouth"
147,1,Creole,Kevin Diedrich,"1.5 oz H by HINE, .75 oz Clement Creole Shrubb, .75 oz Fino Sherry, 2 dash Orange Bitters"
148,1,Coffee & Clove,Anthony Parks,"1.5 oz Nikka Coffey Grain Whisky, .75 oz Manzanilla Sherry, .75 oz Orange Liqueur, 2 dash Clove Tincture"
149,1,Swedish Nightingale,Morgan Schick,"1.5 oz No.3 London Dry Gin, .5 oz Maurin Quina, .25 oz Pineapple Gomme Syrup, 1 bsp Peated Kola Nut Tincture, 2 dash Angostura Bitters"
150,1,The Boys of Summer Cup,Alex Smith,"1 oz No.3 London Dry Gin, 1 oz Dolin Rouge Vermouth, .5 oz The Genuine Curacao Liqueur Orange, .5 oz King's Ginger Liqueur, .25 oz Chareau Liqueur, .5 oz Fresh Lemon Juice,  top Fever-Tree Bitter Lemon"
151,1,Bianco Americano,Matt Grippo,"1.5 oz Luxardo Bitter Bianco, 1 oz Tempus Fugit Kina L'Aero d'Or, .5 oz Junipero Gin"
152,1,Local Edition Punch,Adam Delaney,"12 bottles H by HINE, 4 bottles Luxardo Apricot Liqueur, 1 bottle King's Ginger Liqueur, 1 bottle Luxardo Aperitivo, 4 bottles Lemon juice"
153,1,Classic Lolita,Nick Jones,"2 oz Nikka Whisky Taketsuru, .5 oz Okinawa sugar, .5 oz Soda, 2 dash Orange Bitters, 2 dash Old Fashioned Bitters"
154,1,Port's North Fogcutter Cup,Michael Jack Pazdon,"1 oz Luxardo Aperitivo, .5 oz Luxardo Apricot Liqueur, 1 oz Napa Valley Moscato Late Harvest (Mondavi Moscato d'Oro), 1 oz Dry Amontillado Sherry, .75 oz Lemon Juice, .5 oz Junipero Gin, .5 oz House-made Orgeat, 15 microdrops Cinnamon Tincture"
155,1,The Shah's Shandy,Reza Esmaili,"1 oz King's Ginger Liqueur, .5 oz No.3 London Dry Gin, .75 oz Meyer lemon juice, .25 oz Rich simple syrup (2:1 sugar to water), 3 oz Anchor Liberty Ale"
156,1,Mauritian Sunrise,,"1.5 oz Pink Pigeon Rum, 2 oz Orange Juice, 1 float Luxardo Aperitivo"
157,1,Southside Fizz,Kevin Diedrich,"2 oz No.3 London Dry Gin, 1 oz Simple syrup, .75 oz Lime juice, 4 leaves Mint leaves,  oz Fever Tree Club Soda"
158,1,Champagne Sidecar,Kevin Diedrich,".75 oz H by HINE, .75 oz Luxardo Triplum (Triple Sec), .5 oz Lemon juice, .25 oz Simple syrup, 1 oz Champagne"
159,1,Pisco Sling,Kevin Diedrich,"1.5 oz BarSol Primero Quebranta Pisco, .5 oz Luxardo Sangue Morlacco Cherry Liqueur, .25 oz Luxardo Triplum (Triple Sec), .25 oz Benedictine, 2 oz Pineapple juice, .5 oz Lime juice, .25 oz Grenadine"
160,1,T&T,Kevin Diedrich,"1.5 oz Chinaco Reposado Tequila, .5 oz Luxardo Aperitivo, 3 oz Fever-Tree Tonic Water"
161,1,The Greatest Punch on Earth,Morgan Schick,"4 oz Don Cesar Pisco, 1 oz Luxardo Triplum (Triple Sec), 4 oz Apple Cider, 2 oz Oloroso Sherry, 1 oz Sherry Vinegar,   Regans' Orange Bitters,   Angostura Bitters"
162,1,An Oaxacan Christmas,Brandon Bigalke,"1.5 oz Mezcal, .5 oz Green Chartreuse, .25 oz Campari, 2 dash Regans' Orange Bitters"
163,1,Im(pear)ed Fashioned,Ashley Wacker,"2 oz BarSol Pisco, .5 oz Pear Brandy, .5 oz House-made Organic Pear Syrup, .5 oz Fresh Lemon"
164,2,Still Life of a Pineapple,Daniel Braganca,"1.5 oz BarSol Primero Quebranta Pisco, .75 oz Dry Vermouth, .5 oz St. Germain, .25 oz Pineapple Syrup*, 1 bsp Vieux Pontarlier Absinthe Francaise Superieure"
165,2,Flight to Peru,Sam Treadway,"1.5 oz BarSol Selecto Italia Pisco, 1 oz Fresh Grapefruit Juice, .25 oz Simple Syrup, .25 oz Luxardo Maraschino Liqueur, 1 dash Chocolate Mole Bitters"
166,2,Basilway Daquiri,Sam Treadway,"1.5 oz Basil-Infused White Rum, .5 oz King's Ginger Liqueur, .25 oz Fresh Lime Juice, .25 oz Luxardo Maraschino Liqueur, 1 bsp, large Grapefruit Sorbet"
167,3,The Bittered Valley,Nik Virrey,"1.25 oz Luxardo Maraschino Liqueur, 4 drops Acid phosphate, 2 oz BarSol Primero Quebranta Pisco, .75 oz Luxardo Amaro Abano, .25 oz Luxardo Fernet, 3 dash Scrappy's Aromatic Bitters"
168,3,Luxardo Sour,Adam Fortuna,"1.25 oz Luxardo Amaretto di Saschira, 1 oz Rye Whiskey, 1 oz Lemon Juice, .75 oz Angostura Bitters, 1  Egg White"
169,3,Rita's Song,,"2 oz Nikka Whisky Taketsuru Pure Malt 12 YO, .5 oz 15 YO Sherry, 2 dash Dr. Adam's Boker's bitters, .25 oz Simple syrup"
170,3,"Yes, Queen!",Jacyara de Oliveira,"2 oz H by HINE, 1 oz Dolin Dry Vermouth, .5 tsp Giffard Banane du Brésil, .5 tsp Honey Syrup"
171,3,The Dry Cruise,Jacyara de Oliveira,"1 oz Luxardo Bitter Bianco, 1 oz Lustau Oloroso Sherry, .25 oz St. Germain, .75 oz Lemon Juice, .5 oz Honey Syrup,  top Sparkling Wine"
172,4,Wabash Avenue Sour,Phillip Ricafort,"2 oz Bourbon, 1 oz Fresh Lemon Juice, .5 oz Luxardo Sangue Morlacco Cherry Liqueur, .5 oz Small Hand Foods Pineapple Gum Syrup, .5 oz Egg White"
173,5,IPA Mule,Jon Ruiz,"1.5 oz Hophead Vodka, .5 oz Ginger Liqueur, .75 oz Lime Juice, .5 oz Pure Cane Simple Syrup, 2 count Deschutes Fresh Squeezed IPA (from tap)"
174,5,Julia's Child,Calvin Marty,"1 oz Broker's Gin, 1 oz Karlsson's Gold Vodka, 2 oz Celery Root Puree, .5 oz Fresh Lemon Juice, .75 oz Simple Syrup, 3 dash Apple Bitters, 1 dash Angostura Bitters"
175,5,La Batida Loca,Paul Sauter,"2 oz Ypioca Brasilizar Cachaca Prata Reserva Especial, 1.5 oz Sweetened Condensed Milk, 1 oz Passion Fruit (fresh or puree), .5 oz Pilon Syrup*"
176,5,Goat Town Swizzle,Clint Rogers,"1 oz Old Potrero Straight Rye Whiskey, .5 oz Luxardo Apricot Liqueur, .33 oz Luxardo Fernet, .75 oz Lemon juice, .5 oz Homemade orgeat, 4 dash Angostura bitters, 3 dash Fee Bros Orange bitters"
177,5,Farmer's Gold,Calvin Marty,"2 oz Karlsson's Gold Vodka, .75 oz Fresh Lemon Juice, 1 oz Simple Syrup (1:1), 3 dash Regans' Orange Bitters, 5 large Basil Leaves, 16 whole Black Peppercorns"
178,5,Japonais No.3,Bruce Cole,"1.5 oz No.3 London Dry Gin, 1 oz King's Ginger Liqueur, 1 oz Orange juice, 1 dash Simple syrup, 2  Cucumber slices, muddled, 2  Raspberries, muddled"
179,5,Temple of the Moon,Nandini Khaund,"1 oz Junipero Gin, 1 oz BarSol Primero Quebranta Pisco, 1 oz Amaro Sibilla, .25 oz Simple syrup,  rinse St. George Absinthe, 3 drops Fee Brothers Orange Flower Water"
180,5,Cullerton Street,Julia Momose,"2 oz Barley Tea-Infused Nikka Coffey Grain Whisky*, .25 oz Verjus Blanc, .25 oz Kummel Liqueur, .75 oz Pineau des Charentes, 1 tsp Demerara Sugar Syrup"
181,5,The Fifth Star,Liz Pearce,"1.5 oz Nikka Whisky Taketsuru Pure Malt 12 YO, .5 oz Luxardo Amaretto di Saschira, .5 oz Luxardo Bitter, .5 oz Luxardo Fernet, .25 oz Lustau Dry Olorosso Sherry,  oz La Colombe Cold Draft Coffee"
182,5,Five Star Cocktail,,"1.5 oz King's Ginger Liqueur, .5 oz B.G. Reynolds Cinnamon syrup, .5 oz Grapefruit juice, .5 oz Lemon juice, .5 oz Luxardo Amaro Abano, 1 dash Bar Keep fennel bitters"
183,5,No3,Revae Schneider,"1.5 oz Hangar 1 Vodka, .75 oz Lemon Juice, .75 oz Ginger Zest, .5 oz Fragoli Strawberry, .5 oz Luxardo Bitter"
184,5,No.10,Revae Schneider,"1.5 oz Woodford Reserve Double Oaked, .75 oz Luxardo Bitter, .75 oz Rothman & Winter Orchard Apricot Liqueur, .25 oz Luxardo Maraschino Liqueur"
185,6,King's Snap the Chocolate Out of You,Ian Julian,"1 oz King's Ginger Liqueur, 1.5 oz Homemade milk chocolate, .75 oz Hazelnut Cinnamon syrup,  oz Marshmallow whip cream,  oz Ginger snaps"
186,6,Chilcano (variation),Marvin Allen,"1.25 oz BarSol Primero Quebranta Pisco, .25 oz King's Ginger Liqueur, .5 oz Fresh Lime Juice, .25 oz Agave Nectar, 3-4 drops Cranberry Bitters, 4 oz Ginger Beer"
187,6,Cap't of the Seven Seas,Tyler Chauvin,"2 oz Ypioca Brasilizar Cachaca Ouro Reserva Especial, 1 oz Jalapeno-Orange Simple Syrup, 1 oz Coconut Milk, 4 dash Orange Flower Water, 9 drops Mole Bitters"
188,6,Boko Buku,Tyler Chauvin,"1.5 oz Mezcal, .75 oz Don Ciccio & Figli Concerto, .125 oz Vanilla Marinade, 8 dash Mole Bitters"
189,6,Baile de Verano,Tyler Chauvin,"2 oz BarSol Perfecto Amor (Aperitif Wine), .5 oz Penny Blue Mauritian Rum, 6 dash Celery Shrub, 3 dash House-made Tarragon Tincture"
190,6,The Naughty & Nice,Sarah Manowitz,"1.25 oz Glenrothes Vintage Reserve, .75 oz Drambuie, 2 oz Woodchuck Pumpkin Cider, .75 oz Spiced Butter*, 3 dash Bittermens Elemakule Tiki Bitters"
191,6,Stroll Through the Park,Tyler Chauvin,"2 oz BarSol Primero Quebranta Pisco, .5 oz Simple Syrup, .5 oz Orange Juice, .5 oz Lemon, 1 bsp El Guapo Tonic Syrup, 4 dash El Guapo Tonic Bitters, 3  Cucumber Slices, 2  Mint Sprig"
192,6,The Kings Mule,Marvin Allen,"1 oz King's Ginger Liqueur, 3 dash Orange Bitters, 5 oz Sparkling Wine"
193,6,Tequila Sunflare,Tyler Chauvin,"1.5 oz Chinaco Blanco Tequila, .75 oz Sage-Cilantro-Lime Syrup,  rinse Montanaro Vermouth , 1  Pomegranate Ice Cube"
194,6,Bubbleliciously Delicious,Jason Lee,".5 oz Luxardo Fernet, 1.5 oz Luxardo Triplum (Triple Sec), 1 dash Angostura bitters, 2 slices Satsuma slices, 2 oz Sioux City Sarsparilla Soda"
195,6,Geaux Geaux Cup,,"1 oz Junipero Gin, 1 oz Maurin Quina, .5 oz Fresh Lemon, .5 oz Pages Elderflower Syrup,  top Ginger Ale"
196,6,Creole Cobbler,,"1 oz Junipero Gin, 1 1/2 oz Sathenay Crème de Peche, 1/2 oz Fresh Lemon Juice,  oz 2 Dashes Orange Bitters"
197,6,Banana's Froster,,"1.5 oz Junipero Gin, 1 oz Briottet Creme de Banane, .5 oz Cream (Half & Half), 2 dash Chocolate Bitters"
198,6,Pontchartrain Punch,,"1.25 oz Junipero Gin, .5 oz Fresh Lime Juice, .5 oz The Genuine Curacao Liqueur Blue, .25 oz Pages Elderflower Syrup"
199,6,Nola '75,,"1.25 oz Junipero Gin, .5 oz Pages Elderflower Syrup, .5 oz Fresh Lemon Juice,  oz Champagne (Sparkling Wine)"
200,7,Cut & Rum,Jose Pereiro,".75 oz Banks 5 Rum, .75 oz Denizen Aged White Rum , .75 oz Denizen Aged White Rum , .75 oz Luxardo Amaro Abano"
201,7,Georgia Old Fashioned,Andy Minchow,"2.5 oz Nikka Coffey Grain Whisky, .25 oz Tippleman's Barrel Smoked Maple Syrup, 2 dash Regans' Orange Bitters, 5 dash Angostura Bitters, 1 disc Orange, 1 disc Lemon, 1 slice Peach"
202,7,Pants off Dance off,Sean Gleason,".75 oz BarSol Perfecto Amor (Aperitif Wine), .5 oz Lime Juice, 1 oz Junipero Gin, .5 oz Grenadine, 1 dash Angostura Bitters, 1 drop Bittermens Burlesque Bitters"
203,7,Sidecar,Sean Gleason,"2 oz HINE Rare VSOP, .75 oz Mathilde Orange XO Liqueur, .75 oz Lemon Juice, 1 tsp Demerara Syrup (2:1)"
204,8,Fiona Graham,Chris Morris,"1.5 oz Luxardo Bitter Bianco, 1 oz Junmai Sake, .25 oz Coconut Rum, 1 dash Orange Bitters, 1 dash Coconut Vinegar"
205,8,A Gift from Zara,Rebecca Burkart,"1.5 oz Luxardo Bitter Bianco, .75 oz London Dry Gin, .75 oz Elderflower Liqueur, 2 dash Citric Acid, 4 drops Orange Flower Water, 2.5 oz Topo Chico Mineral Water"
206,8,Clearly Bitter,Linda Salinas,".75 oz Luxardo Bitter Bianco, 1 oz Junipero Gin, .75 oz Dry Vermouth, .5 oz Curacao, 2 dash Rhubarb Bitters"
207,8,Bitter Valencia,Justin Ware,".75 oz Luxardo Bitter Bianco, .75 oz Gin, .75 oz Clarified Milk*, 2 dash Orange Bitters, 4 drops Vanilla"
208,8,La Chiara,Pasha Morshedi,"1 oz Luxardo Bitter Bianco, 1 oz BarSol Primero Quebranta Pisco, 2 oz Fever-Tree Indian Tonic, 1 dash Luxardo Maraschino Liqueur"
209,8,White Tie,Robby Cook,"1 oz Luxardo Bitter Bianco, 2 oz No.3 London Dry Gin, 2 dash Orange Bitters, 1 bsp Luxardo Maraschino Liqueur"
210,8,The Italian Diplomat,Hal Brock,"1 oz Luxardo Bitter Bianco, 1.5 oz BarSol Primero Quebranta Pisco, .25 oz Bay Leaf Syrup*, 2 dash Salt Tincture**"
211,8,Bacio Romana,Harold Madison,"1.5 oz Luxardo Bitter Bianco, .5 oz BarSol Pisco, .5 oz Luxardo Maraschino Liqueur, .5 oz Dry Vermouth"
212,8,La Perle de Verre,Christa Havican,"1 oz Luxardo Bitter Bianco, 1 oz Citadelle Gin, 2 dash Orange Bitters, .25 oz Rose Poached Pear Syrup*, 1 oz Topo Chico Mineral Water, 1 oz Fever-Tree Sparkling Lemon"
213,8,Shadowcat,Conal Nielsen,"1 oz Luxardo Bitter Bianco, 1 oz Barr Hill Gin, .75 oz Falernum, 1 oz Topo Chico Mineral Water, 1 dash Lemon Bitters"
214,8,Radice Amara,Elyse Blechman,"1.5 oz Luxardo Bitter Bianco, 1 oz Reisetbauer Carrot Eau De Vie, .75 oz Genevieve Gin"
215,8,The Sparkler,Laurie Sheddan,".75 oz Luxardo Bitter Bianco, .75 oz Dolin Blanc, 2.5 oz Prosecco"
216,8,Shroud of the Inca,Arien Chabolla,"1 oz Luxardo Bitter Bianco, .25 oz Castilian Tincture*, .75 oz BarSol Supremo Moste Verde Italia Pisco, 2 oz Prosecco"
217,8,New Beginnings,Richard Bailey,".75 oz Luxardo Bitter Bianco, .75 oz Avua Cachaca Prata, .75 oz Broker's London Dry Gin, .75 oz Coconut Water, 2 dash Toasted Coconut Tincture*, 1 dash Almond Extract,  top Fever-Tree Mediterranean Tonic Water"
218,8,Fuji-La,Qwesha Byrd,".5 oz Luxardo Bitter Bianco, 1 oz Junipero Gin, 1.5 oz Apple Water*, 1 ml Citric Acid Solution**"
219,8,Blind Luck,Andrew Grala,"1 oz Luxardo Bitter Bianco, 2.5 oz Old Tom Gin, 2 bsp Real Lemon Juice, 2 bsp Strawberry-Raspberry Simple Syrup*"
220,8,Harms' Way,Taylor Wright,"1 oz Luxardo Bitter Bianco, 1.25 oz Blanco Tequila, .25 oz D.O.M Benedictine, 1 dash Bittermens Xocolatl Mole Bitters"
221,8,Seersucker Sunshine,Josh Ruiz,".75 oz Luxardo Bitter Bianco, 1.5 oz Seersucker Gin, .5 oz Lillet Blanc, 1.5 oz Sauternes, 2 dash Orange Blossom Water"
222,8,Palermo Breeze,Lainey Collum,"1.5 oz Luxardo Bitter Bianco, .5 oz Velvet Falernum, .5 oz Lime, .5 oz Passion Fruit Syrup, 2 oz Belstar Sparkling Rose"
223,8,The Callas Cocktail,Josh Bearden,"1 oz Luxardo Bitter Bianco, .75 oz No.3 London Dry Gin, 1 bsp Pomegranate Cordial*, 1.25 oz Brachetto, 1  Sugar Cube, 8 dash Tempus Fugit Abbott's Bitters"
224,8,Land of Valencia,Chase Ware,".75 oz Luxardo Bitter Bianco, 1.5 oz Bols Genever, .5 oz Clarified Coconut Sugar Blood Orange Cordial*, 1 dash Copper & Kings Absinthe"
225,8,Clear Intentions,Elaine Collum,"1.5 oz Luxardo Bitter Bianco, .5 oz Krogstad Aquavit, 1 bsp Luxardo Apricot Liqueur, 1 dash Orange Cream Citrate, 1.25 oz Almond Cream Soda"
226,9,La Maracuja,Luis Hernandez,"2 oz Ypioca Brasilizar Cachaca Prata Reserva Especial, 1.5 oz Fresh Passion Fruit, 1 oz Condense Milk, .25 oz Brown Sugar Syrup (2:1)"
227,9,French Maid,Jim Meehan,"1.5 oz H by HINE, 1 oz House Ginger Beer, .75 oz Lime juice, .75 oz Simple syrup, .25 oz John D. Taylor's Velvet Falernum, 3  Cucumber wheels, 8  Mint leaves, 1  Mint sprig"
228,9,Le Femme Nikita,Joaquin Simo,"2 oz Nikka Whisky Taketsuru Pure Malt 12 YO, .25 oz Rich Cane Syrup, 2 dash Bittermens Xocolatl Mole Bitters, 2 dash Cinnamon Bitters"
229,9,Framboise de Pigeon,Cristina Bini,"2 oz Pink Pigeon Rum, .5 oz Briottet Creme de Framboise (Raspberry), .5 oz Lemon juice, .25 oz Simple syrup*"
230,9,Hibiscus Pisco Sour,Naren Young,"2 oz BarSol Primero Quebranta Pisco, .75 oz Lime juice, .75 oz Hibiscus/rose syrup, 1  Egg white"
231,9,Muddled Mission,Joaquin Simo,"1.5 oz Junipero Gin, 1 oz St. Germain, .25 oz Yellow Chartreuse, .75 oz Lemon Juice, 1  Strawberry"
232,9,Feingold,Rafa García Febles,"2 oz Brandy, .5 oz Orange Cordial, 1 bsp Luxardo Sangue Morlacco Cherry Liqueur, 1  Luxardo Cherry (muddled), 1 dash Aromatic Bitters, 1 dash Cherry Bitters"
233,9,Heart Breaker,Sother Teague,"1.5 oz Bonded Rye, .5 oz Luxardo Amaro Abano, .5 oz Punt e Mes, 7 dash Angostura Bitters"
234,9,Wooster 53,Diego Sanchez,"1.5 oz No.3 London Dry Gin, .75 oz Grapefruit Juice, .75 oz Ginger/Cardamom/Honey Syrup*, .25 oz Lime Juice,  float Tonic Water"
235,9,Mango No. 3,Diego Sanchez,"2 oz No.3 London Dry Gin, .75 oz Lemon Juice, .25 oz Serrano Pepper Syrup*, 1.5 oz Mango Juice, 2 dash Angostura Bitters"
236,9,Solera Sidecar,Joaquin Simo,"1.5 oz H by HINE, .5 oz Lustau East India Solera, .25 oz Grand Marnier, .25 oz Luxardo Amaretto di Saschira, .5 oz Lemon Juice, .25 oz Simple Syrup"
237,9,Flamenco,,"1.5 oz Lustau Amontillado Sherry, 1 oz Bols Genever, .5 oz Orange Juice, .5 oz Lemon Juice, .75 oz Luxardo Orgeat Syrup, 2 dash Angostura Bitters"
238,9,Floral Summer,Duane Fernandez,"1.5 oz No.3 London Dry Gin, .5 oz Honey syrup , .75 oz Fresh lemon syrup ,   Tarragon leaves,   Lavender bitters "
239,9,Daisy Mae,,"2 oz Junipero Gin, 1 oz Lime Juice, .75 oz Green Chartreuse, .75 oz Simple Syrup"
240,9,Cherry Orchard,Del Prado,".5 oz Luxardo Sangue Morlacco Cherry Liqueur, .25 oz Luxardo Maraschino Liqueur, .5 oz Laird's Straight Bonded , 1.25 oz Clear Creek Kirschwasser Eau de Vie, .25 oz Lemon juice, .5 oz Grapefruit juice, .25 oz Simple syrup, 2 dash Peychaud's Bitters"
241,9,Boomin' Granny,Jillian Vose,"1.5 oz H by HINE, 1 oz Granny Smith Apple Juice, .5 oz Fresh Lime Juice, .5 oz Acacia Honey Syrup,  top Sparkling Wine"
242,9,The Double Crown,Jeff Bell,"1.25 oz Compass Box Great King Street Glasgow Blend, .75 oz Lemon Juice, .5 oz Cyril Zangs Double Zero Eau de Vie de Cidre, .5 oz King's Ginger Liqueur, .5 oz Honey Syrup, 1  Egg White"
243,9,Mott and Mulberry,Leo Robitschek,"1 oz Luxardo Amaro Abano, 1 oz Old Overholt Rye, .5 oz Demerara Simple Syrup (1:1), .5 oz Lemon Juice, .75 oz Fuji Apple Cider"
244,9,Tea & Sympathy,Andrew Kalini,"1 oz Avua Amburana Cachaça, 1 oz King's Ginger Liqueur, .5 oz Fresh Squeezed Lemon Juice, 1 bag Chai Tea"
245,9,Sidewinder,Phil Ward,"2 oz H by HINE, .5 oz Apple Brandy, .25 oz Benedictine, .25 oz Yellow Chartreuse, 1 dash Vieux Pontarlier Absinthe Francaise Superieure, 1 dash Peychaud's Bitters"
246,9,Sade's Taboo,Jessica Gonzalez,"2 oz H by HINE, .75 oz Cocchi Americano, .75 oz Dolin Rouge Vermouth, 1 dash Bittermens Hopped Grapefruit Bitters"
247,9,Conference,Brian Miller,".5 oz H by HINE, .5 oz Rye Whiskey, .5 oz Bourbon, .5 oz Calvados, 1 tsp Demerara Syrup, 2 dash Angostura Bitters, 1 dash Bittermens Xocolatl Mole Bitters"
248,9,Negroni Sorbetto,Hung Nguyen,".5 oz Junipero Gin, .5 oz Luxardo Bitter, .5 oz Tempus Fugit Alessio Vermouth Bianco, .5 oz Dry Vermouth, 1 scoop Orange Sorbet, 2 drops Bittermens Orange Cream Citrate"
249,9,Plum Loco,KJ Williams,"1.5 oz Luxardo Slivovitz, .5 oz Junipero Gin, .75 oz Grapefruit Juice, .5 oz Coco KJ (House-made Coco Lopez), .25 oz Luxardo Limoncello, 1 dash Angostura Bitters"
250,9,Yuzu Sazerac,Kenta Goto,"2 oz Nikka Coffey Grain Whisky, 2 tsp Cane Sugar Syrup, .125 tsp Yuzu-Infused Vieux Pontarlier Absinthe Francaise Superieure"
251,9,Match Grip Julep,Jarred Weigand,"1.5 oz H by HINE, .5 oz Jamaican Rum, 1 tsp Cacao, 1 tsp Branca Menta, 1 tsp Demerara, 1 dash Mole"
252,10,On the Wings of Eagles,Matthew Polzin,"1.5 oz H by HINE, .75 oz Rye Whiskey, .75 oz Green Chartreuse, 2 dash Lemon Bitters, 1 splash Fernet-Branca"
253,10,The Molino,,"1.5 oz Bourbon, .5 oz Luxardo Amaretto di Saschira, .5 oz Demerara Syrup (1:1), .75 oz Lemon Juice, 1  Egg White"
254,11,Rx Hot Toddy,Christopher Buono,"1.5 oz Old Potrero Straight Rye Whiskey, .5 oz Lemon Juice, 2 oz Cold-pressed Apple Cider, 2 oz Hot Water, .5 oz Honey-Ginger Syrup*, 1 tsp Ghost-Pepper-Infused Campari**, 3 dash Cinnamon Tincture***"
255,11,King's Mule,Daniel Romero,"1.5 oz Absolut Vodka, .5 oz King's Ginger Liqueur, 1 oz Fresh Lemon Juice , 1 oz Ginger-Cinnamon Syrup*, 2 dash Bar Keep Lavender Spice Bitters,  top Club Soda"
256,11,Mack's Apple,Mariel Bordas,"1.5 oz Mezcal, .5 oz Fresh Lemon Juice, 1 oz Apple Cider Reduction, .5 oz Cinnamon-Chipotle Syrup*, 1 dash House-made Apple Pie Bitters**"
257,11,Espèce de Sazerac,Toby Cecchini,"1 oz H by HINE, .5 oz Old Overholt Straight Rye Whiskey, .5 oz Rittenhouse Straight Rye Whisky, 1 bsp Rich Demerara Simple Syrup, 3 dash Peychaud's Bitters"
258,12,Spanish G&T,Natasha Bahrami,"1.5 oz Junipero Gin, 2 oz East Imperial Superior Tonic ,   Assorted Complementing Botanicals*"
259,12,#106 Cocktail,Chelsea Little,"1 oz Chinaco Blanco Tequila, 1 oz Luxardo Bitter Bianco, .5 oz Pear Syrup*, .5 oz Lemon Juice,  pinch Grey Sea Salt"
260,13,Jammie Dodger Fizz,Laura Maddox,"2 oz H by HINE, .5 oz Tempus Fugit Creme de Noyaux, .5 oz Orgeat, .375 oz Lemon, .375 oz Lime, 1 oz Heavy Whipping Cream, 1  Egg White"
261,13,Heard It Through The Grapevine,Jeramy Campbell,"1.5 oz H by HINE, .75 oz Graham's 20 Year Tawny Port, .5 oz Tempus Fugit Kina L'Aero d'Or, .33 oz Velvet Falernum, .25 oz Benedictine"
262,13,Cafe Creole,Brian Floyd,"1.5 oz Pink Pigeon Rum, 1 oz Luxardo Espresso Italian Liqueur, 1.5 oz Heavy cream, .75 oz Simple syrup"
263,13,Masataka's Vision,Larry Miller ,"2 oz Nikka Whisky Taketsuru Pure Malt 12 YO, .5 oz Luxardo Amaro Abano, 3 dash House-made Rasta Bitters"
264,13,Red Bud Trail,,"1.5 oz No.3 London Dry Gin, .75 oz Luxardo Sangue Morlacco Cherry Liqueur, .5 oz Dry Vermouth, .25 oz Tempus Fugit Alessio Vermouth di Torino Rosso, 1 dash Angostura Bitters"
265,13,The House of Duncan,Brian Floyd,"1.5 oz Glenrothes Vintage Reserve, .5 oz Luxardo Sangue Morlacco Cherry Liqueur, .25 oz King's Ginger Liqueur, 1 dash Angostura Bitters"
266,13,Big and Bright,Brian Floyd,"1.5 oz No.3 London Dry Gin, .5 oz King's Ginger Liqueur, 1 oz Fresh grapefruit juice, .25 oz Honey, .25 oz Fresh lime juice , 1 dash Fire and Damnation bitters, 1 splash Club soda"
267,13,Frankie and Johnnie,Brian Floyd,"1 oz King's Ginger Liqueur, 1 oz C. Drouin Pommeau de Normandie, .5 oz Fresh lemon juice, .5 oz Fresh orange juice, 1 dash Jerry Thomas Bitters"
268,13,Strike No.3,"Jennifer Costello, Charles Lintott, Sarah Holmes","2 oz No.3 London Dry Gin, .5 oz St. Germaine Elderflower Liqueur, .5 oz Orgeat Syrup, .5 oz Fresh Lemon Juice"
269,13,Bird On,Kelly O'Hare,".75 oz Tempus Fugit Creme de Menthe Glaciale, .75 oz Tempus Fugit Alessio Vermouth Bianco, .75 oz H by HINE, .375 oz Lemon Juice, .375 oz Lime Juice"
270,13,II Piacere,Ann Maynard,"1.5 oz English Harbour Rum, .5 oz Luxardo Angioletto (Hazelnut Liqueur), .5 oz Luxardo Sangue Morlacco Cherry Liqueur, .5 oz Fresh lemon juice, .25 oz Luxardo Maraschino Cherry/Cherries, 1  Egg white, 4 dash Bittermens Boston Bittahs"
271,14,Fizzy Rhubarb Mule,Tom Cavazos,"2 oz Rhubarb Infused Gin*, .5 oz King's Ginger Liqueur, .75 oz Lemon, .75 oz Simple Syrup , 1  Egg White,   Soda"
272,14,Peachy Keane,Bonnie Wilson,"1.5 oz Old Forester Bourbon, .5 oz King's Ginger Liqueur, .5 oz Giffard Crème de Pêche de Vigne, .5 oz Honey syrup (local honey cut 2:1 with water), .75 oz Lemon juice, 1  Egg white, 1 dash Angostura Bitters"
273,14,The French Connection,John Davis,"2 oz H by HINE, 1 oz Fresh Lemon Juice, 1 oz Demarara Simple Syrup, 4 dash Apple Bitters"
274,14,Nectar of the Amazon,Matt Orth,"2 oz Ypioca Cachaca Prata*, 1 oz Passion fruit juice, 1 oz Condensed milk"
275,15,The Palace Cellar,Michael Esposito,"1.5 oz King's Ginger Liqueur, .5 oz Pink Pigeon Rum, .5 oz Fresh-pressed Lemon Juice, .5 oz Snake Oil's House-made Sarsaparilla Syrup, .75 oz Carbonated Water, 1 dash Snake Oil's House-made Pomegranate Bitters"
276,16,La Madrugada,Enrique Sanchez,"1.5 oz BarSol Perfecto Amor (Aperitif Wine), .5 oz Lemon juice, .5 oz Luxardo Amaro Abano, .25 oz Luxardo Maraschino Liqueur"
277,17,Willow,Carl Wenger,"1 oz Old Potrero Straight Rye Whiskey, 1.5 oz BarSol Perfecto Amor (Aperitif Wine), 1 bsp Luxardo Amaro Abano, 1 dash Angostura bitters"
278,18,Bay City Shandy,,"1.5 oz Hophead Vodka, .75 oz Giffard Pamplemousse, .5 oz Lemon Juice, 2 dash Orange Bitters,  top IPA"
279,19,West Bank,Claire Sprouse,"1.5 oz HINE Rare VSOP, .5 oz Cynar, .5 oz Bywater Spice Mix*, 1 oz Cold-Brew Coffee"
280,20,The Canevari Cocktail,Jeff Kinder,"1.5 oz Old Tom Gin, 1 oz Cocchi Vermouth di Torino, .5 oz Luxardo Bitter, 3 dash Angostura Bitters"
281,21,Ypioca Chile Punch,Lauren Sanchez,"2 part Ypioca Brasilizar Cachaca Prata Classica, 1 part Fresh Lime Juice, .5 part Agave, .5 part Ancho Reyes Ancho Chile Liqueur"
282,21,Prata Punch,Lauren Sanchez,"2 part Ypioca Brasilizar Cachaca Prata Reserva Especial, .5 part Lillet Rose, .5 part Guava Nectar, .25 part Fresh Lime Juice, .25 part Agave,  top Banfi Rosa Regale Sparkling Wine"
283,21,Brazilian Mule Punch,Lauren Sanchez,"2 part Ypioca Brasilizar Cachaca Prata Reserva Especial, 1 part Fresh Lime Juice, 1 part Ancho Chile-Infused Simple Syrup, 1 float Ginger Beer, 2 dash Angostura Bitters"
284,21,Endless Summer,Chad Philips,"1.5 oz Ypioca Brasilizar Cachaca Prata Reserva Especial, .75 oz Luxardo Bitter, .25 oz Luxardo Maraschino Liqueur, .75 oz Lemon Juice, 1 dash Lemon Bitters"
285,21,Slow Ride,Sam Wiener,"1 oz Rittenhouse Straight Rye Whisky, .5 oz Pusser's Rum, .5 oz King's Ginger Liqueur, 2 oz Basic House Lemonade*,  top Abita Big Easy IPA"
286,21,Lychee & 3,Michael Parish,"1.5 oz No.3 London Dry Gin, .5 oz Dry Vermouth, .5 oz King's Ginger Liqueur, .75 oz Yuzu, .75 oz Lychee Puree, .5 oz Simple Syrup,   Basil Leaves"
287,22,Hotaling Old Tom Gin,Enrique Sanchez,"1.5 oz Old Tom Gin, .5 oz 7-Spice Syrup*, .75 oz Lemon Juice, 1.5 oz Fever-Tree Tonic"
288,22,La La Land,Jaymee Mandeville,"1.5 oz Karlsson's Gold Vodka, .5 oz Aperol, .5 oz Raspberry/white pepper syrup, .5 oz Fresh lemon juice, .5 oz Fresh cucumber juice, 4-5 pc Fresh mint, 2 dashes Celery bitters"
289,22,Clover Holiday Cocktail,Matthew Biancaniello,"2 oz Hophead Vodka, .75 oz Lime Juice, .5 oz Bay Leaf-Infused Honey Syrup*, 2 oz Clover's Gingersnap, 1 pinch Cinnamon"
290,22,On the Flipside,Kate Grutman,"1.5 oz Pink Pigeon Rum, 1 oz Lime juice, .75 oz Simple syrup, 2  Mint leaves, muddled, 3  Cucumber slices, muddled"
291,22,Winter Swizzle,Kate Grutman,"2 oz Pink Pigeon Rum, 1 oz Fresh lime juice"
292,22,Lovage In The Garden,Matthew Biancaniello,"2 oz Hophead Vodka, 3  Sun Gold Cherry Tomatoes, 4  Lovage Leaves, .75 oz Lime Juice, .5 oz Agave Syrup (1:1 agave to water), .5 oz Luxardo Aperitivo, 1 pinch Hepps Ghost Pepper Salt"
293,22,Mayan Mule,BC Hoffman,".5 oz King's Ginger Liqueur, .5 oz Ancho Reyes Chile Liqueur, .5 oz Montelobos Mezcal, .5 oz Aviation Gin, .5 oz Grapefruit Juice, .5 oz Lime Juice, 2 dash Bittercube Bitters Jamaican #2, 2 oz Fever-Tree Ginger Beer"
294,22,Ginger Drop,Tricia Alley,".5 oz King's Ginger Liqueur, 1.5 oz Momokawa Organic Junmai Ginjo Sake, .75 oz Lemon juice, .5 oz Simple syrup"
295,22,Flip the Bird,Kate Grutman,"1.5 oz Pink Pigeon Rum, .75 oz Simple syrup, .75 oz Cream, .5 oz Punt e Mes, 1  Egg yolk"
296,22,Kentucky Mai Tai,,"1 oz Mezcal, 1 oz Bourbon, .5 oz Lemon, .5 oz Peche de Vigne, .5 oz Cynar, .5 oz Orgeat, 4 dash Angostura Bitters"
297,22,Carrier Pigeon (an Airmail with Pink Pigeon),Kate Grutman,"1 oz Pink Pigeon Rum, .5 oz Lime juice, .5 oz Honey"
298,22,Winter Season,Michael Blum,"2 oz Barr Hill Honey Gin, 1 oz Lemon Juice, .25 oz Liquid Alchemist Orgeat, .25 oz Luxardo Maraschino Liqueur, 1 bsp Dijon Blue Curaçao"
299,22,El Mustavo,Coly Den,"2 oz Mezcal, 1 oz Tempus Fugit Alessio Vermouth Chinato, 1 oz Campari, 2 dash Rhubarb Bitters, 2 dash Orange Bitters"
300,22,Mister Gingy,,"1 oz King's Ginger Liqueur, 1 oz Glenrothes Vintage Reserve, .75 oz Pineapple Gum, .75 oz Lemon Juice, 2 dash Angostura Bitters"
301,22,Ju-Ju Hurricane,Kate Grutman,"1 oz Luxardo Amaretto di Saschira, .25 oz Briottet Creme de Cassis, 2 oz Pink Pigeon Rum, 1 oz No.3 London Dry Gin, 1 oz Gossling's 151 Rum, 2 oz Grapefruit Juice, 2 oz Pineapple Juice"
302,22,Bay Shandy,Kate Grutman,"2 oz Pink Pigeon Rum, 1.5 oz Blood Orange Juice,  float Ale"
303,22,California Aurora,Brittini Rae,"1.5 oz Luxardo Aperitivo, .5 oz Luxardo Apricot Liqueur, .5 oz Honey syrup, .75 oz Fresh lemon juice, 4 dash California Poppy Oil, 1 float Anchor California Lager, 6  Fresh Sage leaves"
304,22,"Lox, Stock & Two Smoking Barrels",Karen Grill,"  Glenrothes Vintage Reserve,   Coffee-Infused Lustau East India Solera,   Cinnamon Syrup,   Milk"
305,22,Doitashimashie,Nick Meyer,"2 oz Nikka Coffey Grain Whisky, .25 oz Demerara Syrup, 1 dash Angostura bitters"
306,22,Lucky No.3,Nick Meyer,"1.5 oz No.3 London Dry Gin, 1 oz Luxardo Aperitivo, .75 oz Tempus Fugit Alessio Vermouth di Torino Rosso, 1 dash Grapefruit Bitters, 1 pinch Kosher Salt"
307,22,Motel Nacional,Nick Meyer,"1.5 oz Chinaco Blanco Tequila, .5 oz Luxardo Apricot Liqueur, .75 oz Lime juice, 1 oz Fresh Pineapple juice, .5 oz Simple syrup, 1 oz Soda water"
308,23,San Fran Soda,Devin Hardy,"1.25 oz Hophead Vodka, .5 oz Fresh Lime Juice,  splash Soda Water,  top Steam Beer"
309,24,Duke's Classic Dry Martini,,"3 oz No.3 London Dry Gin, 1 tsp Extra Dry Vermouth, 1  Amalfi Lemon"
310,25,Italian Riviera Mojito,,"1 oz Coconut Rum, .5 oz Funkin Passion Fruit Puree, .5 oz Briottet Creme de Banane, .5 oz Fresh squeezed lime, 8 leaves Mint Leaves"
311,26,Chingerito,Johel Huaman Barbosa & Christian Hurtado,"2 oz BarSol Primero Quebranta Pisco, 1.5 oz Grape juice, 1 oz BarSol Perfecto Amor (Aperitif Wine), 1 oz Fresh pomegranate juice, .75 oz Cinnamon syrup, .75 oz Fresh lime juice, 4  Grapes"
312,26,Brisa del Sur,Johel Huaman Barbosa & Christian Hurtado,"1.5 oz BarSol Selecto Italia Pisco, .5 oz Rocoto passion fruit reduction, .5 oz Fresh lime juice, .5 oz Simple syrup"
313,27,Bird to Buck,Tiki Dave ,"1 1/2 part Pink Pigeon Rum, 1/2 part Benedictine, 1/4 part Orgeat syrup, 1/2 part Lime,  part Fee Brothers Whiskey Barrel Bitters"
314,27,"Amaretto Jello Shot, Why Not",Monica Anderson,"2 cups Boiling water, 6 packages Raspberry Jello packages, 1.25 cup Luxardo Amaretto di Saschira, .25 cup Fresh lime juice, .5 cup Cold water"
315,28,The Fall 75,Nicole Hassoun,"1 oz Junipero Gin, 1 oz Spiced kuri squash purée*, 2 dash Fresh lemon, 2 dash Honey syrup"
316,29,Holland House,Jason Patz,"1 oz Genever, 1 oz Luxardo Maraschino Liqueur, .5 oz Dry Vermouth, .5 oz Lemon Juice, .5 oz Pineapple Gomme Syrup"
317,29,Last Samurai,Nate Matson,"1 oz Vodka, 1 oz Gin, 1 oz Luxardo Maraschino Liqueur, .5 oz Cointreau"
318,29,Long Division,Brandon Weiss,"1.5 oz Tequila, 1 oz Luxardo Maraschino Liqueur, .5 oz Aperol, .25 oz Lime Juice"
319,29,Union Jack,Jason Patz,".75 oz Luxardo Maraschino Liqueur, .75 oz Green Chartreuse, .5 oz Grenadine 'Layered' Beer Back "
320,30,Thyme for Bed,Lisa Brier,"1.5 oz Chamucos Blanco Tequila, .5 oz Luxardo Sangue Morlacco Cherry Liqueur, .5 oz Thyme Simple Syrup, .5 oz Lime Juice"
321,31,Piedra de sol,Graham Hunter Gregg,"1.5 oz Mezcal, .75 oz Montenegro Amaro Liquore Italiano, .75 oz Calisaya Liqueur, 2 dash Regans' Orange Bitters No. 6"
322,31,The Professor,Brandon Wise,"1.5 oz Nikka Coffey Grain Whisky, .75 oz Madeira, .75 oz Dolin Dry Vermouth, .25 oz Nux Alpina Walnut Nocino Liqueur, 1 dash Angostura Bitters"
323,32,Potrero Hill,Theo Sabatini,"1 oz Junipero Gin, .5 oz White Peach & Orange Chamomile Infused Sweet Vermouth, .5 oz Cinnamon Wineshine Brandy, 1 dash Simple Syrup, .5 oz Grapefruit Juice, .5 oz Lemon Juice, 4 oz Bundaberg Ginger Beer"
324,33,Red Hook,Patrick Halloran,"2 oz Rye Whiskey, 5 oz Punt e Mes, .5 oz Luxardo Maraschino Liqueur"
